name,email
James,jbutt@gmail.com
Josephine,josephine_darakjy@darakjy.org
Art,art@venere.org
Lenna,lpaprocki@hotmail.com
Donette,donette.foller@cox.net
Simona,simona@morasca.com
Mitsue,mitsue_tollner@yahoo.com
Leota,leota@hotmail.com
Sage,sage_wieser@cox.net
Kris,kris@gmail.com
Minna,minna_amigon@yahoo.com
Abel,amaclead@gmail.com
Kiley,kiley.caldarera@aol.com
Graciela,gruta@cox.net
Cammy,calbares@gmail.com
Mattie,mattie@aol.com
Meaghan,meaghan@hotmail.com
Gladys,gladys.rim@rim.org
Yuki,yuki_whobrey@aol.com
Fletcher,fletcher.flosi@yahoo.com
Bette,bette_nicka@cox.net
Veronika,vinouye@aol.com
Willard,willard@hotmail.com
Maryann,mroyster@royster.com
Alisha,alisha@slusarski.com
Allene,allene_iturbide@cox.net
Chanel,chanel.caudy@caudy.org
Ezekiel,ezekiel@chui.com
Willow,wkusko@yahoo.com
Bernardo,bfigeroa@aol.com
Ammie,ammie@corrio.com
Francine,francine_vocelka@vocelka.com
Ernie,ernie_stenseth@aol.com
Albina,albina@glick.com
Alishia,asergi@gmail.com
Solange,solange@shinko.com
Jose,jose@yahoo.com
Rozella,rozella.ostrosky@ostrosky.com
Valentine,valentine_gillian@gmail.com
Kati,kati.rulapaugh@hotmail.com
Youlanda,youlanda@aol.com
Dyan,doldroyd@aol.com
Roxane,roxane@hotmail.com
Lavera,lperin@perin.org
Erick,erick.ferencz@aol.com
Fatima,fsaylors@saylors.org
Jina,jina_briddick@briddick.com
Kanisha,kanisha_waycott@yahoo.com
Emerson,emerson.bowley@bowley.org
Blair,bmalet@yahoo.com
Brock,bbolognia@yahoo.com
Lorrie,lnestle@hotmail.com
Sabra,sabra@uyetake.org
Marjory,mmastella@mastella.com
Karl,karl_klonowski@yahoo.com
Tonette,twenner@aol.com
Amber,amber_monarrez@monarrez.org
Shenika,shenika@gmail.com
Delmy,delmy.ahle@hotmail.com
Deeanna,deeanna_juhas@gmail.com
Blondell,bpugh@aol.com
Jamal,jamal@vanausdal.org
Cecily,cecily@hollack.org
Carmelina,carmelina_lindall@lindall.com
Maurine,maurine_yglesias@yglesias.com
Tawna,tawna@gmail.com
Penney,penney_weight@aol.com
Elly,elly_morocco@gmail.com
Ilene,ilene.eroman@hotmail.com
Vallie,vmondella@mondella.com
Kallie,kallie.blackwood@gmail.com
Johnetta,johnetta_abdallah@aol.com
Bobbye,brhym@rhym.com
Micaela,micaela_rhymes@gmail.com
Tamar,tamar@hotmail.com
Moon,moon@yahoo.com
Laurel,laurel_reitler@reitler.com
Delisa,delisa.crupi@crupi.com
Viva,viva.toelkes@gmail.com
Elza,elza@yahoo.com
Devorah,devorah@hotmail.com
Timothy,timothy_mulqueen@mulqueen.org
Arlette,ahoneywell@honeywell.com
Dominque,dominque.dickerson@dickerson.org
Lettie,lettie_isenhower@yahoo.com
Myra,mmunns@cox.net
Stephaine,stephaine@barfield.com
Lai,lai.gato@gato.org
Stephen,stephen_emigh@hotmail.com
Tyra,tshields@gmail.com
Tammara,twardrip@cox.net
Cory,cory.gibes@gmail.com
Danica,danica_bruschke@gmail.com
Wilda,wilda@cox.net
Elvera,elvera.benimadho@cox.net
Carma,carma@cox.net
Malinda,malinda.hochard@yahoo.com
Natalie,natalie.fern@hotmail.com
Lisha,lisha@centini.org
